order_id,product_id,quantity
1,53,3
1,34,3
2,47,2
2,54,1
3,78,3
3,154,3
4,118,2
5,198,1
6,129,1
6,133,1
7,77,2
7,153,3
7,33,1
7,171,3
7,74,3
8,182,2
8,118,1
8,66,1
9,2,2
9,87,1
10,66,1
10,152,1
10,174,3
11,31,3
11,55,2
12,135,2
12,23,3
12,100,3
12,44,1
13,172,1
13,163,3
14,47,1
14,145,1
14,181,1
14,61,3
14,137,2
15,124,1
15,69,3
15,7,3
15,106,1
15,109,1
16,164,2
16,93,2
16,51,3
16,168,3
16,133,1
17,182,2
18,41,2
19,160,1
19,120,3
19,101,1
19,61,3
20,5,2
20,88,1
20,199,2
20,186,2
21,58,3
21,19,3
22,166,3
22,37,3
22,158,2
22,175,2
23,144,1
23,66,2
24,89,1
24,157,3
24,174,1
24,59,1
24,192,2
25,94,1
25,6,3
25,19,2
25,14,2
26,154,2
26,183,3
26,64,2
26,3,2
27,161,3
27,104,2
27,29,3
28,63,1
28,44,2
29,181,1
29,139,3
29,65,3
30,165,1
31,94,2
31,6,3
31,159,3
32,23,3
32,182,1
32,4,2
33,1,2
34,172,3
34,185,1
34,7,1
35,163,2
35,121,3
35,8,2
36,7,1
36,5,3
36,114,3
36,79,1
37,129,2
37,85,2
38,80,2
38,169,1
38,66,3
38,150,1
38,192,2
38,14,2
38,173,1
39,126,3
39,140,1
39,34,3
39,79,1
39,8,2
39,191,1
39,97,2
40,110,3
40,132,2
41,135,3
41,15,1
41,167,1
42,79,1
42,49,1
43,162,2
43,127,3
43,37,3
44,46,2
44,107,2
45,14,1
45,130,3
45,192,1
45,186,1
46,10,3
47,167,1
47,46,1
47,23,3
47,98,3
48,39,1
48,68,1
48,14,3
48,76,3
48,188,2
49,146,2
50,58,1
50,164,3
50,92,1
51,41,1
51,186,3
52,45,1
52,55,3
52,186,1
53,15,1
53,98,2
53,94,2
53,186,1
54,94,2
54,170,1
55,198,3
55,65,2
56,49,1
56,88,3
56,3,1
56,95,2
57,85,2
57,196,1
58,188,3
58,11,2
58,102,3
58,154,2
59,192,2
59,132,1
59,91,2
59,76,2
60,174,2
61,109,2
61,165,1
61,96,3
62,85,1
62,153,2
63,32,3
63,148,1
64,51,1
64,176,2
65,66,3
65,181,2
65,52,1
66,89,3
66,146,3
67,119,3
67,19,2
67,167,2
68,65,1
68,5,2
68,74,3
69,79,1
69,185,1
70,51,2
70,76,2
70,38,1
70,120,3
70,127,2
71,121,1
71,141,1
72,200,3
72,176,1
72,143,3
72,110,1
73,141,3
73,35,2
73,170,1
74,196,2
74,8,1
75,66,2
75,107,2
76,35,2
76,188,2
76,120,1
77,83,2
77,196,2
77,51,1
78,158,2
78,90,3
79,84,3
79,100,2
80,26,3
80,176,2
80,165,3
80,193,1
81,107,1
81,88,1
81,164,2
81,167,2
81,163,1
82,138,3
82,36,2
82,154,3
83,140,1
83,52,3
84,121,2
84,118,2
84,141,2
84,46,2
85,169,3
85,100,2
86,47,2
86,123,3
86,177,1
86,60,1
86,190,3
87,33,3
87,175,3
88,124,1
88,43,1
88,179,2
88,172,3
89,179,2
89,129,1
89,81,3
90,58,2
90,183,1
90,27,2
90,108,1
91,88,2
91,14,1
91,47,3
92,83,1
92,123,1
92,20,3
92,57,2
93,176,2
93,200,1
93,131,2
94,35,2
95,121,2
95,90,3
95,91,1
96,89,3
96,12,3
96,171,2
96,175,1
96,153,3
97,43,2
97,193,2
97,9,2
97,167,1
97,22,1
97,75,1
98,188,2
98,182,1
98,8,1
99,193,3
100,180,2
101,75,1
101,165,3
101,178,2
102,113,1
102,127,2
103,129,1
103,109,2
104,1,3
104,196,1
104,139,3
105,37,1
105,137,1
105,195,2
106,164,3
106,111,1
107,162,3
107,20,1
108,193,1
108,170,2
108,13,2
108,183,1
108,52,1
108,144,1
109,136,1
109,135,1
109,199,1
110,178,1
110,51,1
111,170,1
111,121,2
111,190,3
111,196,3
112,169,2
112,129,1
113,86,3
113,100,2
113,80,2
113,42,3
114,144,1
114,176,2
115,146,1
116,16,1
116,72,3
116,156,1
117,23,1
117,94,3
118,73,1
118,114,3
118,142,2
119,45,2
119,117,3
120,16,2
120,166,2
121,93,1
121,82,1
121,84,1
121,108,3
121,192,2
121,114,1
122,130,2
122,22,3
123,150,2
123,109,2
124,57,3
124,98,1
124,136,3
124,72,2
125,50,1
125,162,3
126,186,2
126,80,2
126,17,2
127,179,1
127,5,2
127,145,1
127,4,2
128,98,1
128,55,2
128,190,2
128,41,3
128,15,2
129,129,1
129,160,3
129,39,3
130,193,2
130,196,2
130,119,2
131,9,2
131,31,2
131,162,2
132,163,3
133,200,1
133,176,1
133,5,1
134,98,1
134,17,1
135,140,2
135,34,3
135,149,2
135,25,1
135,58,1
136,91,1
136,113,2
136,149,1
137,43,3
137,147,1
138,88,3
138,175,3
139,176,3
139,142,2
140,98,1
140,157,3
141,141,2
141,45,1
141,39,2
141,15,3
141,89,3
142,93,2
142,122,1
142,177,2
142,106,3
142,17,2
142,65,2
143,189,2
143,190,3
144,45,3
145,142,3
145,3,3
145,176,2
145,188,1
146,136,1
147,155,3
147,170,3
147,87,3
148,122,2
148,101,3
148,86,2
149,153,1
149,156,2
149,198,2
149,75,1
149,172,3
150,168,1
150,43,3
150,122,1
151,36,3
151,30,2
151,146,1
152,162,3
153,62,2
154,163,3
154,67,2
155,95,2
155,12,1
155,142,1
156,163,3
156,54,3
156,117,3
156,83,1
157,97,3
158,49,2
159,94,1
159,199,1
160,198,2
161,77,2
161,20,1
161,26,2
161,130,1
161,34,3
162,111,2
162,33,2
162,23,2
163,84,3
163,184,2
164,2,2
164,55,3
164,143,2
165,118,2
165,31,1
165,163,2
166,128,3
166,89,3
166,142,1
167,127,3
167,66,3
168,22,3
168,64,3
168,182,2
169,181,1
169,100,3
169,11,1
170,98,2
170,138,2
170,164,3
170,183,2
171,155,3
171,114,1
171,119,1
171,16,3
172,91,2
172,168,3
173,81,1
174,168,2
175,18,1
176,177,2
177,97,3
177,181,2
177,114,3
177,16,3
178,80,2
178,91,2
179,179,1
179,17,1
179,175,3
179,191,3
179,157,2
180,143,1
180,161,1
180,123,2
180,72,1
181,116,1
181,109,1
182,189,2
182,32,3
183,193,3
183,75,2
183,61,3
184,32,1
185,122,3
185,141,3
186,106,1
186,138,3
187,80,3
187,131,3
187,139,1
187,119,1
188,39,2
188,181,2
188,75,3
189,200,1
189,40,3
189,87,1
189,92,3
189,188,2
190,1,2
190,152,3
190,158,2
190,23,1
191,136,3
191,128,2
191,198,1
191,196,1
191,88,1
191,99,1
192,66,3
192,158,2
192,175,1
192,64,2
193,92,3
193,181,1
193,98,2
193,28,1
193,139,3
193,60,1
194,16,1
194,9,1
194,97,3
194,169,3
194,118,2
195,31,2
195,107,1
195,86,3
196,160,1
196,161,1
197,69,1
197,62,2
198,33,3
198,112,1
198,61,2
198,155,3
199,191,2
199,186,2
199,139,1
200,27,3
